436,19,Categroy18,wrapupReason435,agent8229 agent8229,
266,12,Categroy11,wrapupReason265,agent8227 agent8227,
261,12,Categroy11,wrapupReason260,agent8227 agent8227,
171,8,Categroy7,wrapupReason170,agent8229 agent8229,
171,8,category_load_557577,wrapupReason170,agent8229 agent8229,
451,19,Categroy18,wrapupReason450,agent8229 agent8229,
290,13,Categroy12,wrapupReason289,agent8227 agent8227,
445,19,Categroy18,wrapupReason444,agent8229 agent8229,
427,19,Categroy18,wrapupReason426,agent8227 agent8227,
442,19,Categroy18,wrapupReason441,agent8229 agent8229,
34,3,Categroy2,wrapupReason33,agent8229 agent8229,
34,3,category_load_376662,wrapupReason33,agent8229 agent8229,
34,3,category_load_321850,wrapupReason33,agent8229 agent8229,
33,3,Categroy2,wrapupReason32,agent8227 agent8227,
33,3,category_load_376662,wrapupReason32,agent8227 agent8227,
33,3,category_load_321850,wrapupReason32,agent8227 agent8227,
212,10,Categroy9,wrapupReason211,agent8227 agent8227,
212,10,category_load_130456,wrapupReason211,agent8227 agent8227,
212,10,category_load_542,wrapupReason211,agent8227 agent8227,
435,19,Categroy18,wrapupReason434,agent8229 agent8229,
433,19,Categroy18,wrapupReason432,agent8227 agent8227,
447,19,Categroy18,wrapupReason446,agent8229 agent8229,
446,19,Categroy18,wrapupReason445,agent8229 agent8229,
436,19,Categroy18,wrapupReason435,agent8227 agent8227,
271,12,Categroy11,wrapupReason270,agent8227 agent8227,
213,10,Categroy9,wrapupReason212,agent8229 agent8229,
213,10,category_load_130456,wrapupReason212,agent8229 agent8229,
213,10,category_load_542,wrapupReason212,agent8229 agent8229,
273,12,Categroy11,wrapupReason272,agent8227 agent8227,
437,19,Categroy18,wrapupReason436,agent8229 agent8229,
448,19,Categroy18,wrapupReason447,agent8227 agent8227,
447,19,Categroy18,wrapupReason446,agent8229 agent8229,
440,19,Categroy18,wrapupReason439,agent8227 agent8227,
448,19,Categroy18,wrapupReason447,agent8229 agent8229,
442,19,Categroy18,wrapupReason441,agent8227 agent8227,
432,19,Categroy18,wrapupReason431,agent8229 agent8229,
274,12,Categroy11,wrapupReason273,agent8227 agent8227,
165,8,Categroy7,wrapupReason164,agent8229 agent8229,
165,8,category_load_557577,wrapupReason164,agent8229 agent8229,
439,19,Categroy18,wrapupReason438,agent8227 agent8227,
272,12,Categroy11,wrapupReason271,agent8227 agent8227,
292,13,Categroy12,wrapupReason291,agent8229 agent8229,
434,19,Categroy18,wrapupReason433,agent8227 agent8227,
436,19,Categroy18,wrapupReason435,agent8229 agent8229,
434,19,Categroy18,wrapupReason433,agent8227 agent8227,
259,12,Categroy11,wrapupReason258,agent8229 agent8229,
438,19,Categroy18,wrapupReason437,agent8229 agent8229,
444,19,Categroy18,wrapupReason443,agent8227 agent8227,
221,10,Categroy9,wrapupReason220,agent8227 agent8227,
221,10,category_load_130456,wrapupReason220,agent8227 agent8227,
221,10,category_load_542,wrapupReason220,agent8227 agent8227,
213,10,Categroy9,wrapupReason212,agent8229 agent8229,
213,10,category_load_130456,wrapupReason212,agent8229 agent8229,
213,10,category_load_542,wrapupReason212,agent8229 agent8229,
440,19,Categroy18,wrapupReason439,agent8227 agent8227,
252,12,Categroy11,wrapupReason251,agent8229 agent8229,
267,12,Categroy11,wrapupReason266,agent8227 agent8227,
433,19,Categroy18,wrapupReason432,agent8229 agent8229,
442,19,Categroy18,wrapupReason441,agent8229 agent8229,
275,12,Categroy11,wrapupReason274,agent8227 agent8227,
173,8,Categroy7,wrapupReason172,agent8229 agent8229,
173,8,category_load_557577,wrapupReason172,agent8229 agent8229,
169,8,Categroy7,wrapupReason168,agent8227 agent8227,
169,8,category_load_557577,wrapupReason168,agent8227 agent8227,
444,19,Categroy18,wrapupReason443,agent8227 agent8227,
262,12,Categroy11,wrapupReason261,agent8229 agent8229,
292,13,Categroy12,wrapupReason291,agent8229 agent8229,
256,12,Categroy11,wrapupReason255,agent8227 agent8227,
49,3,Categroy2,wrapupReason48,agent8227 agent8227,
49,3,category_load_376662,wrapupReason48,agent8227 agent8227,
49,3,category_load_321850,wrapupReason48,agent8227 agent8227,
445,19,Categroy18,wrapupReason444,agent8229 agent8229,
446,19,Categroy18,wrapupReason445,agent8227 agent8227,
255,12,Categroy11,wrapupReason254,agent8229 agent8229,
274,12,Categroy11,wrapupReason273,agent8227 agent8227,
273,12,Categroy11,wrapupReason272,agent8229 agent8229,
159,8,Categroy7,wrapupReason158,agent8227 agent8227,
159,8,category_load_557577,wrapupReason158,agent8227 agent8227,
270,12,Categroy11,wrapupReason269,agent8229 agent8229,
162,8,Categroy7,wrapupReason161,agent8229 agent8229,
162,8,category_load_557577,wrapupReason161,agent8229 agent8229,
441,19,Categroy18,wrapupReason440,agent8227 agent8227,
435,19,Categroy18,wrapupReason434,agent8229 agent8229,
156,8,Categroy7,wrapupReason155,agent8227 agent8227,
156,8,category_load_557577,wrapupReason155,agent8227 agent8227,
445,19,Categroy18,wrapupReason444,agent8229 agent8229,
159,8,Categroy7,wrapupReason158,agent8227 agent8227,
159,8,category_load_557577,wrapupReason158,agent8227 agent8227,
436,19,Categroy18,wrapupReason435,agent8229 agent8229,
223,10,Categroy9,wrapupReason222,agent8229 agent8229,
223,10,category_load_130456,wrapupReason222,agent8229 agent8229,
223,10,category_load_542,wrapupReason222,agent8229 agent8229,
451,19,Categroy18,wrapupReason450,agent8227 agent8227,
43,3,Categroy2,wrapupReason42,agent8229 agent8229,
43,3,category_load_376662,wrapupReason42,agent8229 agent8229,
43,3,category_load_321850,wrapupReason42,agent8229 agent8229,
446,19,Categroy18,wrapupReason445,agent8227 agent8227,
171,8,Categroy7,wrapupReason170,agent8229 agent8229,
171,8,category_load_557577,wrapupReason170,agent8229 agent8229,
154,8,Categroy7,wrapupReason153,agent8229 agent8229,
154,8,category_load_557577,wrapupReason153,agent8229 agent8229,
438,19,Categroy18,wrapupReason437,agent8227 agent8227,
287,13,Categroy12,wrapupReason286,agent8227 agent8227,
445,19,Categroy18,wrapupReason444,agent8229 agent8229,
427,19,Categroy18,wrapupReason426,agent8227 agent8227,
31,3,Categroy2,wrapupReason30,agent8229 agent8229,
31,3,category_load_376662,wrapupReason30,agent8229 agent8229,
31,3,category_load_321850,wrapupReason30,agent8229 agent8229,
287,13,Categroy12,wrapupReason286,agent8227 agent8227,
433,19,Categroy18,wrapupReason432,agent8229 agent8229,
450,19,Categroy18,wrapupReason449,agent8229 agent8229,
225,10,Categroy9,wrapupReason224,agent8227 agent8227,
225,10,category_load_130456,wrapupReason224,agent8227 agent8227,
225,10,category_load_542,wrapupReason224,agent8227 agent8227,
435,19,Categroy18,wrapupReason434,agent8229 agent8229,
263,12,Categroy11,wrapupReason262,agent8227 agent8227,
288,13,Categroy12,wrapupReason287,agent8229 agent8229,
272,12,Categroy11,wrapupReason271,agent8227 agent8227,
50,3,Categroy2,wrapupReason49,agent8227 agent8227,
50,3,category_load_376662,wrapupReason49,agent8227 agent8227,
50,3,category_load_321850,wrapupReason49,agent8227 agent8227,
440,19,Categroy18,wrapupReason439,agent8229 agent8229,
169,8,Categroy7,wrapupReason168,agent8229 agent8229,
169,8,category_load_557577,wrapupReason168,agent8229 agent8229,
437,19,Categroy18,wrapupReason436,agent8229 agent8229,
430,19,Categroy18,wrapupReason429,agent8229 agent8229,
167,8,Categroy7,wrapupReason166,agent8227 agent8227,
167,8,category_load_557577,wrapupReason166,agent8227 agent8227,
434,19,Categroy18,wrapupReason433,agent8229 agent8229,
29,3,Categroy2,wrapupReason28,agent8227 agent8227,
29,3,category_load_376662,wrapupReason28,agent8227 agent8227,
29,3,category_load_321850,wrapupReason28,agent8227 agent8227,
434,19,Categroy18,wrapupReason433,agent8227 agent8227,
44,3,Categroy2,wrapupReason43,agent8229 agent8229,
44,3,category_load_376662,wrapupReason43,agent8229 agent8229,
44,3,category_load_321850,wrapupReason43,agent8229 agent8229,
436,19,Categroy18,wrapupReason435,agent8229 agent8229,
444,19,Categroy18,wrapupReason443,agent8229 agent8229,
440,19,Categroy18,wrapupReason439,agent8227 agent8227,
448,19,Categroy18,wrapupReason447,agent8229 agent8229,
264,12,Categroy11,wrapupReason263,agent8227 agent8227,
224,10,Categroy9,wrapupReason223,agent8227 agent8227,
224,10,category_load_130456,wrapupReason223,agent8227 agent8227,
224,10,category_load_542,wrapupReason223,agent8227 agent8227,
289,13,Categroy12,wrapupReason288,agent8229 agent8229,
51,3,Categroy2,wrapupReason50,agent8233 agent8233,
51,3,category_load_376662,wrapupReason50,agent8233 agent8233,
51,3,category_load_321850,wrapupReason50,agent8233 agent8233,
447,19,Categroy18,wrapupReason446,agent8232 agent8232,
174,8,Categroy7,wrapupReason173,agent8223 agent8223,
174,8,category_load_557577,wrapupReason173,agent8223 agent8223,
439,19,Categroy18,wrapupReason438,agent8233 agent8233,
161,8,Categroy7,wrapupReason160,agent8232 agent8232,
161,8,category_load_557577,wrapupReason160,agent8232 agent8232,
447,19,Categroy18,wrapupReason446,agent8233 agent8233,
447,19,Categroy18,wrapupReason446,agent8232 agent8232,
438,19,Categroy18,wrapupReason437,agent8223 agent8223,
266,12,Categroy11,wrapupReason265,agent8233 agent8233,
50,3,Categroy2,wrapupReason49,agent8232 agent8232,
50,3,category_load_376662,wrapupReason49,agent8232 agent8232,
50,3,category_load_321850,wrapupReason49,agent8232 agent8232,
447,19,Categroy18,wrapupReason446,agent8223 agent8223,
427,19,Categroy18,wrapupReason426,agent8233 agent8233,
274,12,Categroy11,wrapupReason273,agent8232 agent8232,
450,19,Categroy18,wrapupReason449,agent8223 agent8223,
30,3,Categroy2,wrapupReason29,agent8233 agent8233,
30,3,category_load_376662,wrapupReason29,agent8233 agent8233,
30,3,category_load_321850,wrapupReason29,agent8233 agent8233,
444,19,Categroy18,wrapupReason443,agent8232 agent8232,
170,8,Categroy7,wrapupReason169,agent8223 agent8223,
170,8,category_load_557577,wrapupReason169,agent8223 agent8223,
442,19,Categroy18,wrapupReason441,agent8223 agent8223,
438,19,Categroy18,wrapupReason437,agent8233 agent8233,
169,8,Categroy7,wrapupReason168,agent8232 agent8232,
169,8,category_load_557577,wrapupReason168,agent8232 agent8232,
446,19,Categroy18,wrapupReason445,agent8223 agent8223,
277,13,Categroy12,wrapupReason276,agent8233 agent8233,
35,3,Categroy2,wrapupReason34,agent8223 agent8223,
35,3,category_load_376662,wrapupReason34,agent8223 agent8223,
35,3,category_load_321850,wrapupReason34,agent8223 agent8223,
442,19,Categroy18,wrapupReason441,agent8232 agent8232,
159,8,Categroy7,wrapupReason158,agent8233 agent8233,
159,8,category_load_557577,wrapupReason158,agent8233 agent8233,
439,19,Categroy18,wrapupReason438,agent8232 agent8232,
46,3,Categroy2,wrapupReason45,agent8223 agent8223,
46,3,category_load_376662,wrapupReason45,agent8223 agent8223,
46,3,category_load_321850,wrapupReason45,agent8223 agent8223,
433,19,Categroy18,wrapupReason432,agent8233 agent8233,
447,19,Categroy18,wrapupReason446,agent8232 agent8232,
210,10,Categroy9,wrapupReason209,agent8223 agent8223,
210,10,category_load_130456,wrapupReason209,agent8223 agent8223,
210,10,category_load_542,wrapupReason209,agent8223 agent8223,
433,19,Categroy18,wrapupReason432,agent8223 agent8223,
283,13,Categroy12,wrapupReason282,agent8233 agent8233,
153,8,Categroy7,wrapupReason152,agent8232 agent8232,
153,8,category_load_557577,wrapupReason152,agent8232 agent8232,
427,19,Categroy18,wrapupReason426,agent8223 agent8223,
447,19,Categroy18,wrapupReason446,agent8233 agent8233,
173,8,Categroy7,wrapupReason172,agent8232 agent8232,
173,8,category_load_557577,wrapupReason172,agent8232 agent8232,
270,12,Categroy11,wrapupReason269,agent8233 agent8233,
434,19,Categroy18,wrapupReason433,agent8232 agent8232,
435,19,Categroy18,wrapupReason434,agent8233 agent8233,
432,19,Categroy18,wrapupReason431,agent8223 agent8223,
427,19,Categroy18,wrapupReason426,agent8232 agent8232,
433,19,Categroy18,wrapupReason432,agent8223 agent8223,
440,19,Categroy18,wrapupReason439,agent8233 agent8233,
153,8,Categroy7,wrapupReason152,agent8232 agent8232,
153,8,category_load_557577,wrapupReason152,agent8232 agent8232,
431,19,Categroy18,wrapupReason430,agent8223 agent8223,
435,19,Categroy18,wrapupReason434,agent8233 agent8233,
446,19,Categroy18,wrapupReason445,agent8232 agent8232,
428,19,Categroy18,wrapupReason427,agent8223 agent8223,
205,10,Categroy9,wrapupReason204,agent8232 agent8232,
205,10,category_load_130456,wrapupReason204,agent8232 agent8232,
205,10,category_load_542,wrapupReason204,agent8232 agent8232,
169,8,Categroy7,wrapupReason168,agent8233 agent8233,
169,8,category_load_557577,wrapupReason168,agent8233 agent8233,
446,19,Categroy18,wrapupReason445,agent8233 agent8233,
264,12,Categroy11,wrapupReason263,agent8232 agent8232,
429,19,Categroy18,wrapupReason428,agent8223 agent8223,
442,19,Categroy18,wrapupReason441,agent8233 agent8233,
449,19,Categroy18,wrapupReason448,agent8232 agent8232,
451,19,Categroy18,wrapupReason450,agent8223 agent8223,
254,12,Categroy11,wrapupReason253,agent8223 agent8223,
448,19,Categroy18,wrapupReason447,agent8233 agent8233,
446,19,Categroy18,wrapupReason445,agent8232 agent8232,
443,19,Categroy18,wrapupReason442,agent8233 agent8233,
260,12,Categroy11,wrapupReason259,agent8232 agent8232,
439,19,Categroy18,wrapupReason438,agent8223 agent8223,
433,19,Categroy18,wrapupReason432,agent8232 agent8232,
265,12,Categroy11,wrapupReason264,agent8233 agent8233,
264,12,Categroy11,wrapupReason263,agent8223 agent8223,
274,12,Categroy11,wrapupReason273,agent8233 agent8233,
431,19,Categroy18,wrapupReason430,agent8232 agent8232,
265,12,Categroy11,wrapupReason264,agent8223 agent8223,
171,8,Categroy7,wrapupReason170,agent8233 agent8233,
171,8,category_load_557577,wrapupReason170,agent8233 agent8233,
48,3,Categroy2,wrapupReason47,agent8232 agent8232,
48,3,category_load_376662,wrapupReason47,agent8232 agent8232,
48,3,category_load_321850,wrapupReason47,agent8232 agent8232,
213,10,Categroy9,wrapupReason212,agent8223 agent8223,
213,10,category_load_130456,wrapupReason212,agent8223 agent8223,
213,10,category_load_542,wrapupReason212,agent8223 agent8223,
176,8,Categroy7,wrapupReason175,agent8233 agent8233,
176,8,category_load_557577,wrapupReason175,agent8233 agent8233,
279,13,Categroy12,wrapupReason278,agent8232 agent8232,
38,3,Categroy2,wrapupReason37,agent8223 agent8223,
38,3,category_load_376662,wrapupReason37,agent8223 agent8223,
38,3,category_load_321850,wrapupReason37,agent8223 agent8223,
432,19,Categroy18,wrapupReason431,agent8233 agent8233,
264,12,Categroy11,wrapupReason263,agent8232 agent8232,
440,19,Categroy18,wrapupReason439,agent8223 agent8223,
47,3,Categroy2,wrapupReason46,agent8233 agent8233,
47,3,category_load_376662,wrapupReason46,agent8233 agent8233,
47,3,category_load_321850,wrapupReason46,agent8233 agent8233,
449,19,Categroy18,wrapupReason448,agent8232 agent8232,
218,10,Categroy9,wrapupReason217,agent8233 agent8233,
218,10,category_load_130456,wrapupReason217,agent8233 agent8233,
218,10,category_load_542,wrapupReason217,agent8233 agent8233,
221,10,Categroy9,wrapupReason220,agent8232 agent8232,
221,10,category_load_130456,wrapupReason220,agent8232 agent8232,
221,10,category_load_542,wrapupReason220,agent8232 agent8232,
449,19,Categroy18,wrapupReason448,agent8223 agent8223,
435,19,Categroy18,wrapupReason434,agent8233 agent8233,
258,12,Categroy11,wrapupReason257,agent8232 agent8232,
29,3,Categroy2,wrapupReason28,agent8233 agent8233,
29,3,category_load_376662,wrapupReason28,agent8233 agent8233,
29,3,category_load_321850,wrapupReason28,agent8233 agent8233,
447,19,Categroy18,wrapupReason446,agent8232 agent8232,
433,19,Categroy18,wrapupReason432,agent8223 agent8223,
215,10,Categroy9,wrapupReason214,agent8233 agent8233,
215,10,category_load_130456,wrapupReason214,agent8233 agent8233,
215,10,category_load_542,wrapupReason214,agent8233 agent8233,
430,19,Categroy18,wrapupReason429,agent8232 agent8232,
436,19,Categroy18,wrapupReason435,agent8223 agent8223,
218,10,Categroy9,wrapupReason217,agent8233 agent8233,
218,10,category_load_130456,wrapupReason217,agent8233 agent8233,
218,10,category_load_542,wrapupReason217,agent8233 agent8233,
441,19,Categroy18,wrapupReason440,agent8232 agent8232,
158,8,Categroy7,wrapupReason157,agent8233 agent8233,
158,8,category_load_557577,wrapupReason157,agent8233 agent8233,
432,19,Categroy18,wrapupReason431,agent8232 agent8232,
436,19,Categroy18,wrapupReason435,agent8233 agent8233,
296,13,Categroy12,wrapupReason295,agent8223 agent8223,
444,19,Categroy18,wrapupReason443,agent8232 agent8232,
257,12,Categroy11,wrapupReason256,agent8223 agent8223,
272,12,Categroy11,wrapupReason271,agent8233 agent8233,
448,19,Categroy18,wrapupReason447,agent8232 agent8232,
272,12,Categroy11,wrapupReason271,agent8223 agent8223,
266,12,Categroy11,wrapupReason265,agent8223 agent8223,
272,12,Categroy11,wrapupReason271,agent8233 agent8233,
173,8,Categroy7,wrapupReason172,agent8232 agent8232,
173,8,category_load_557577,wrapupReason172,agent8232 agent8232,
449,19,Categroy18,wrapupReason448,agent8223 agent8223,
445,19,Categroy18,wrapupReason444,agent8233 agent8233,
446,19,Categroy18,wrapupReason445,agent8232 agent8232,
31,3,Categroy2,wrapupReason30,agent8223 agent8223,
31,3,category_load_376662,wrapupReason30,agent8223 agent8223,
31,3,category_load_321850,wrapupReason30,agent8223 agent8223,
433,19,Categroy18,wrapupReason432,agent8232 agent8232,
270,12,Categroy11,wrapupReason269,agent8233 agent8233,
449,19,Categroy18,wrapupReason448,agent8223 agent8223,
269,12,Categroy11,wrapupReason268,agent8233 agent8233,
261,12,Categroy11,wrapupReason260,agent8232 agent8232,
428,19,Categroy18,wrapupReason427,agent8223 agent8223,
257,12,Categroy11,wrapupReason256,agent8232 agent8232,
446,19,Categroy18,wrapupReason445,agent8233 agent8233,
167,8,Categroy7,wrapupReason166,agent8223 agent8223,
167,8,category_load_557577,wrapupReason166,agent8223 agent8223,
436,19,Categroy18,wrapupReason435,agent8232 agent8232,
273,12,Categroy11,wrapupReason272,agent8233 agent8233,
447,19,Categroy18,wrapupReason446,agent8223 agent8223,
441,19,Categroy18,wrapupReason440,agent8223 agent8223,
447,19,Categroy18,wrapupReason446,agent8233 agent8233,
433,19,Categroy18,wrapupReason432,agent8232 agent8232,
441,19,Categroy18,wrapupReason440,agent8223 agent8223,
271,12,Categroy11,wrapupReason270,agent8233 agent8233,
440,19,Categroy18,wrapupReason439,agent8232 agent8232,
444,19,Categroy18,wrapupReason443,agent8223 agent8223,
448,19,Categroy18,wrapupReason447,agent8233 agent8233,
448,19,Categroy18,wrapupReason447,agent8232 agent8232,
434,19,Categroy18,wrapupReason433,agent8233 agent8233,
259,12,Categroy11,wrapupReason258,agent8232 agent8232,
443,19,Categroy18,wrapupReason442,agent8223 agent8223,
450,19,Categroy18,wrapupReason449,agent8232 agent8232,
433,19,Categroy18,wrapupReason432,agent8233 agent8233,
445,19,Categroy18,wrapupReason444,agent8223 agent8223,
282,13,Categroy12,wrapupReason281,agent8233 agent8233,
434,19,Categroy18,wrapupReason433,agent8232 agent8232,
219,10,Categroy9,wrapupReason218,agent8223 agent8223,
219,10,category_load_130456,wrapupReason218,agent8223 agent8223,
219,10,category_load_542,wrapupReason218,agent8223 agent8223,
446,19,Categroy18,wrapupReason445,agent8233 agent8233,
431,19,Categroy18,wrapupReason430,agent8232 agent8232,
34,3,Categroy2,wrapupReason33,agent8223 agent8223,
34,3,category_load_376662,wrapupReason33,agent8223 agent8223,
34,3,category_load_321850,wrapupReason33,agent8223 agent8223,
267,12,Categroy11,wrapupReason266,agent8233 agent8233,
438,19,Categroy18,wrapupReason437,agent8232 agent8232,
435,19,Categroy18,wrapupReason434,agent8223 agent8223,
443,19,Categroy18,wrapupReason442,agent8233 agent8233,
434,19,Categroy18,wrapupReason433,agent8232 agent8232,
273,12,Categroy11,wrapupReason272,agent8223 agent8223,
36,3,Categroy2,wrapupReason35,agent8232 agent8232,
36,3,category_load_376662,wrapupReason35,agent8232 agent8232,
36,3,category_load_321850,wrapupReason35,agent8232 agent8232,
444,19,Categroy18,wrapupReason443,agent8233 agent8233,
445,19,Categroy18,wrapupReason444,agent8233 agent8233,
209,10,Categroy9,wrapupReason208,agent8232 agent8232,
209,10,category_load_130456,wrapupReason208,agent8232 agent8232,
209,10,category_load_542,wrapupReason208,agent8232 agent8232,
445,19,Categroy18,wrapupReason444,agent8223 agent8223,
286,13,Categroy12,wrapupReason285,agent8223 agent8223,
440,19,Categroy18,wrapupReason439,agent8233 agent8233,
438,19,Categroy18,wrapupReason437,agent8232 agent8232,
158,8,Categroy7,wrapupReason157,agent8233 agent8233,
158,8,category_load_557577,wrapupReason157,agent8233 agent8233,
442,19,Categroy18,wrapupReason441,agent8237 agent8237,
451,19,Categroy18,wrapupReason450,agent8228 agent8228,
434,19,Categroy18,wrapupReason433,agent8234 agent8234,
448,19,Categroy18,wrapupReason447,agent8223 agent8223,
441,19,Categroy18,wrapupReason440,agent8252 agent8252,
443,19,Categroy18,wrapupReason442,agent8231 agent8231,
271,12,Categroy11,wrapupReason270,agent8236 agent8236,
445,19,Categroy18,wrapupReason444,agent8253 agent8253,
433,19,Categroy18,wrapupReason432,agent8252 agent8252,
435,19,Categroy18,wrapupReason434,agent8247 agent8247,
441,19,Categroy18,wrapupReason440,agent8225 agent8225,
217,10,Categroy9,wrapupReason216,agent8228 agent8228,
217,10,category_load_130456,wrapupReason216,agent8228 agent8228,
217,10,category_load_542,wrapupReason216,agent8228 agent8228,
253,12,Categroy11,wrapupReason252,agent8246 agent8246,
209,10,Categroy9,wrapupReason208,agent8242 agent8242,
209,10,category_load_130456,wrapupReason208,agent8242 agent8242,
209,10,category_load_542,wrapupReason208,agent8242 agent8242,
442,19,Categroy18,wrapupReason441,agent8231 agent8231,
428,19,Categroy18,wrapupReason427,agent8224 agent8224,
431,19,Categroy18,wrapupReason430,agent8241 agent8241,
441,19,Categroy18,wrapupReason440,agent8223 agent8223,
260,12,Categroy11,wrapupReason259,agent8247 agent8247,
448,19,Categroy18,wrapupReason447,agent8234 agent8234,
269,12,Categroy11,wrapupReason268,agent8229 agent8229,
442,19,Categroy18,wrapupReason441,agent8239 agent8239,
432,19,Categroy18,wrapupReason431,agent8246 agent8246,
440,19,Categroy18,wrapupReason439,agent8237 agent8237,
440,19,Categroy18,wrapupReason439,agent8225 agent8225,
253,12,Categroy11,wrapupReason252,agent8242 agent8242,
427,19,Categroy18,wrapupReason426,agent8228 agent8228,
275,12,Categroy11,wrapupReason274,agent8231 agent8231,
434,19,Categroy18,wrapupReason433,agent8236 agent8236,
450,19,Categroy18,wrapupReason449,agent8229 agent8229,
434,19,Categroy18,wrapupReason433,agent8224 agent8224,
427,19,Categroy18,wrapupReason426,agent8241 agent8241,
275,12,Categroy11,wrapupReason274,agent8252 agent8252,
444,19,Categroy18,wrapupReason443,agent8247 agent8247,
436,19,Categroy18,wrapupReason435,agent8223 agent8223,
429,19,Categroy18,wrapupReason428,agent8246 agent8246,
431,19,Categroy18,wrapupReason430,agent8234 agent8234,
213,10,Categroy9,wrapupReason212,agent8242 agent8242,
213,10,category_load_130456,wrapupReason212,agent8242 agent8242,
213,10,category_load_542,wrapupReason212,agent8242 agent8242,
432,19,Categroy18,wrapupReason431,agent8239 agent8239,
451,19,Categroy18,wrapupReason450,agent8226 agent8226,
444,19,Categroy18,wrapupReason443,agent8253 agent8253,
440,19,Categroy18,wrapupReason439,agent8228 agent8228,
444,19,Categroy18,wrapupReason443,agent8231 agent8231,
446,19,Categroy18,wrapupReason445,agent8252 agent8252,
435,19,Categroy18,wrapupReason434,agent8247 agent8247,
440,19,Categroy18,wrapupReason439,agent8237 agent8237,
442,19,Categroy18,wrapupReason441,agent8224 agent8224,
443,19,Categroy18,wrapupReason442,agent8223 agent8223,
430,19,Categroy18,wrapupReason429,agent8241 agent8241,
438,19,Categroy18,wrapupReason437,agent8226 agent8226,
443,19,Categroy18,wrapupReason442,agent8239 agent8239,
268,12,Categroy11,wrapupReason267,agent8242 agent8242,
268,12,Categroy11,wrapupReason267,agent8237 agent8237,
257,12,Categroy11,wrapupReason256,agent8225 agent8225,
270,12,Categroy11,wrapupReason269,agent8224 agent8224,
444,19,Categroy18,wrapupReason443,agent8223 agent8223,
431,19,Categroy18,wrapupReason430,agent8226 agent8226,
293,13,Categroy12,wrapupReason292,agent8228 agent8228,
224,10,Categroy9,wrapupReason223,agent8247 agent8247,
224,10,category_load_130456,wrapupReason223,agent8247 agent8247,
224,10,category_load_542,wrapupReason223,agent8247 agent8247,
213,10,Categroy9,wrapupReason212,agent8253 agent8253,
213,10,category_load_130456,wrapupReason212,agent8253 agent8253,
213,10,category_load_542,wrapupReason212,agent8253 agent8253,
433,19,Categroy18,wrapupReason432,agent8231 agent8231,
256,12,Categroy11,wrapupReason255,agent8252 agent8252,
255,12,Categroy11,wrapupReason254,agent8241 agent8241,
451,19,Categroy18,wrapupReason450,agent8223 agent8223,
252,12,Categroy11,wrapupReason251,agent8229 agent8229,
277,13,Categroy12,wrapupReason276,agent8242 agent8242,
273,12,Categroy11,wrapupReason272,agent8226 agent8226,
451,19,Categroy18,wrapupReason450,agent8234 agent8234,
450,19,Categroy18,wrapupReason449,agent8252 agent8252,
445,19,Categroy18,wrapupReason444,agent8225 agent8225,
222,10,Categroy9,wrapupReason221,agent8247 agent8247,
222,10,category_load_130456,wrapupReason221,agent8247 agent8247,
222,10,category_load_542,wrapupReason221,agent8247 agent8247,
300,13,Categroy12,wrapupReason299,agent8237 agent8237,
444,19,Categroy18,wrapupReason443,agent8241 agent8241,
448,19,Categroy18,wrapupReason447,agent8236 agent8236,
442,19,Categroy18,wrapupReason441,agent8228 agent8228,
436,19,Categroy18,wrapupReason435,agent8246 agent8246,
433,19,Categroy18,wrapupReason432,agent8242 agent8242,
439,19,Categroy18,wrapupReason438,agent8229 agent8229,
261,12,Categroy11,wrapupReason260,agent8236 agent8236,
260,12,Categroy11,wrapupReason259,agent8239 agent8239,
439,19,Categroy18,wrapupReason438,agent8237 agent8237,
287,13,Categroy12,wrapupReason286,agent8223 agent8223,
434,19,Categroy18,wrapupReason433,agent8226 agent8226,
432,19,Categroy18,wrapupReason431,agent8253 agent8253,
430,19,Categroy18,wrapupReason429,agent8241 agent8241,
450,19,Categroy18,wrapupReason449,agent8225 agent8225,
440,19,Categroy18,wrapupReason439,agent8234 agent8234,
439,19,Categroy18,wrapupReason438,agent8239 agent8239,
213,10,Categroy9,wrapupReason212,agent8252 agent8252,
213,10,category_load_130456,wrapupReason212,agent8252 agent8252,
213,10,category_load_542,wrapupReason212,agent8252 agent8252,
439,19,Categroy18,wrapupReason438,agent8247 agent8247,
447,19,Categroy18,wrapupReason446,agent8224 agent8224,
437,19,Categroy18,wrapupReason436,agent8223 agent8223,
446,19,Categroy18,wrapupReason445,agent8228 agent8228,
279,13,Categroy12,wrapupReason278,agent8231 agent8231,
440,19,Categroy18,wrapupReason439,agent8226 agent8226,
291,13,Categroy12,wrapupReason290,agent8253 agent8253,
443,19,Categroy18,wrapupReason442,agent8229 agent8229,
446,19,Categroy18,wrapupReason445,agent8246 agent8246,
447,19,Categroy18,wrapupReason446,agent8242 agent8242,
256,12,Categroy11,wrapupReason255,agent8234 agent8234,
264,12,Categroy11,wrapupReason263,agent8225 agent8225,
442,19,Categroy18,wrapupReason441,agent8224 agent8224,
446,19,Categroy18,wrapupReason445,agent8223 agent8223,
437,19,Categroy18,wrapupReason436,agent8247 agent8247,
206,10,Categroy9,wrapupReason205,agent8226 agent8226,
206,10,category_load_130456,wrapupReason205,agent8226 agent8226,
206,10,category_load_542,wrapupReason205,agent8226 agent8226,
451,19,Categroy18,wrapupReason450,agent8231 agent8231,
436,19,Categroy18,wrapupReason435,agent8225 agent8225,
256,12,Categroy11,wrapupReason255,agent8229 agent8229,
450,19,Categroy18,wrapupReason449,agent8228 agent8228,
220,10,Categroy9,wrapupReason219,agent8253 agent8253,
220,10,category_load_130456,wrapupReason219,agent8253 agent8253,
220,10,category_load_542,wrapupReason219,agent8253 agent8253,
431,19,Categroy18,wrapupReason430,agent8224 agent8224,
428,19,Categroy18,wrapupReason427,agent8226 agent8226,
440,19,Categroy18,wrapupReason439,agent8252 agent8252,
434,19,Categroy18,wrapupReason433,agent8246 agent8246,
438,19,Categroy18,wrapupReason437,agent8223 agent8223,
438,19,Categroy18,wrapupReason437,agent8239 agent8239,
444,19,Categroy18,wrapupReason443,agent8228 agent8228,
446,19,Categroy18,wrapupReason445,agent8242 agent8242,
260,12,Categroy11,wrapupReason259,agent8225 agent8225,
438,19,Categroy18,wrapupReason437,agent8237 agent8237,
224,10,Categroy9,wrapupReason223,agent8224 agent8224,
224,10,category_load_130456,wrapupReason223,agent8224 agent8224,
224,10,category_load_542,wrapupReason223,agent8224 agent8224,
435,19,Categroy18,wrapupReason434,agent8236 agent8236,
428,19,Categroy18,wrapupReason427,agent8239 agent8239,
440,19,Categroy18,wrapupReason439,agent8253 agent8253,
444,19,Categroy18,wrapupReason443,agent8223 agent8223,
436,19,Categroy18,wrapupReason435,agent8231 agent8231,
429,19,Categroy18,wrapupReason428,agent8229 agent8229,
440,19,Categroy18,wrapupReason439,agent8252 agent8252,
441,19,Categroy18,wrapupReason440,agent8237 agent8237,
288,13,Categroy12,wrapupReason287,agent8241 agent8241,
451,19,Categroy18,wrapupReason450,agent8226 agent8226,
434,19,Categroy18,wrapupReason433,agent8234 agent8234,
430,19,Categroy18,wrapupReason429,agent8247 agent8247,
289,13,Categroy12,wrapupReason288,agent8246 agent8246,
437,19,Categroy18,wrapupReason436,agent8242 agent8242,
432,19,Categroy18,wrapupReason431,agent8236 agent8236,
450,19,Categroy18,wrapupReason449,agent8253 agent8253,
433,19,Categroy18,wrapupReason432,agent8247 agent8247,
431,19,Categroy18,wrapupReason430,agent8225 agent8225,
451,19,Categroy18,wrapupReason450,agent8237 agent8237,
434,19,Categroy18,wrapupReason433,agent8252 agent8252,
285,13,Categroy12,wrapupReason284,agent8223 agent8223,
256,12,Categroy11,wrapupReason255,agent8224 agent8224,
450,19,Categroy18,wrapupReason449,agent8241 agent8241,
431,19,Categroy18,wrapupReason430,agent8226 agent8226,
435,19,Categroy18,wrapupReason434,agent8228 agent8228,
430,19,Categroy18,wrapupReason429,agent8242 agent8242,
262,12,Categroy11,wrapupReason261,agent8229 agent8229,
432,19,Categroy18,wrapupReason431,agent8253 agent8253,
450,19,Categroy18,wrapupReason449,agent8239 agent8239,
434,19,Categroy18,wrapupReason433,agent8234 agent8234,
259,12,Categroy11,wrapupReason258,agent8237 agent8237,
271,12,Categroy11,wrapupReason270,agent8224 agent8224,
450,19,Categroy18,wrapupReason449,agent8223 agent8223,
437,19,Categroy18,wrapupReason436,agent8247 agent8247,
449,19,Categroy18,wrapupReason448,agent8246 agent8246,
430,19,Categroy18,wrapupReason429,agent8225 agent8225,
434,19,Categroy18,wrapupReason433,agent8231 agent8231,
451,19,Categroy18,wrapupReason450,agent8234 agent8234,
258,12,Categroy11,wrapupReason257,agent8229 agent8229,
441,19,Categroy18,wrapupReason440,agent8242 agent8242,
208,10,Categroy9,wrapupReason207,agent8226 agent8226,
208,10,category_load_130456,wrapupReason207,agent8226 agent8226,
208,10,category_load_542,wrapupReason207,agent8226 agent8226,
429,19,Categroy18,wrapupReason428,agent8224 agent8224,
439,19,Categroy18,wrapupReason438,agent8253 agent8253,
434,19,Categroy18,wrapupReason433,agent8236 agent8236,
449,19,Categroy18,wrapupReason448,agent8252 agent8252,
438,19,Categroy18,wrapupReason437,agent8239 agent8239,
427,19,Categroy18,wrapupReason426,agent8231 agent8231,
274,12,Categroy11,wrapupReason273,agent8237 agent8237,
254,12,Categroy11,wrapupReason253,agent8234 agent8234,
451,19,Categroy18,wrapupReason450,agent8241 agent8241,
273,12,Categroy11,wrapupReason272,agent8223 agent8223,
449,19,Categroy18,wrapupReason448,agent8236 agent8236,
436,19,Categroy18,wrapupReason435,agent8228 agent8228,
435,19,Categroy18,wrapupReason434,agent8239 agent8239,
451,19,Categroy18,wrapupReason450,agent8253 agent8253,
439,19,Categroy18,wrapupReason438,agent8241 agent8241,
434,19,Categroy18,wrapupReason433,agent8252 agent8252,
447,19,Categroy18,wrapupReason446,agent8225 agent8225,
438,19,Categroy18,wrapupReason437,agent8242 agent8242,
434,19,Categroy18,wrapupReason433,agent8247 agent8247,
444,19,Categroy18,wrapupReason443,agent8226 agent8226,
437,19,Categroy18,wrapupReason436,agent8224 agent8224,
206,10,Categroy9,wrapupReason205,agent8253 agent8253,
206,10,category_load_130456,wrapupReason205,agent8253 agent8253,
206,10,category_load_542,wrapupReason205,agent8253 agent8253,
441,19,Categroy18,wrapupReason440,agent8231 agent8231,
449,19,Categroy18,wrapupReason448,agent8236 agent8236,
256,12,Categroy11,wrapupReason255,agent8246 agent8246,
438,19,Categroy18,wrapupReason437,agent8228 agent8228,
438,19,Categroy18,wrapupReason437,agent8234 agent8234,
432,19,Categroy18,wrapupReason431,agent8239 agent8239,
430,19,Categroy18,wrapupReason429,agent8223 agent8223,
450,19,Categroy18,wrapupReason449,agent8229 agent8229,
432,19,Categroy18,wrapupReason431,agent8252 agent8252,
438,19,Categroy18,wrapupReason437,agent8241 agent8241,
445,19,Categroy18,wrapupReason444,agent8237 agent8237,
254,12,Categroy11,wrapupReason253,agent8253 agent8253,
221,10,Categroy9,wrapupReason220,agent8236 agent8236,
221,10,category_load_130456,wrapupReason220,agent8236 agent8236,
221,10,category_load_542,wrapupReason220,agent8236 agent8236,
447,19,Categroy18,wrapupReason446,agent8225 agent8225,
449,19,Categroy18,wrapupReason448,agent8252 agent8252,
271,12,Categroy11,wrapupReason270,agent8228 agent8228,
258,12,Categroy11,wrapupReason257,agent8224 agent8224,
443,19,Categroy18,wrapupReason442,agent8226 agent8226,
429,19,Categroy18,wrapupReason428,agent8223 agent8223,
276,12,Categroy11,wrapupReason275,agent8234 agent8234,
446,19,Categroy18,wrapupReason445,agent8237 agent8237,
445,19,Categroy18,wrapupReason444,agent8239 agent8239,
436,19,Categroy18,wrapupReason435,agent8247 agent8247,
290,13,Categroy12,wrapupReason289,agent8225 agent8225,
440,19,Categroy18,wrapupReason439,agent8242 agent8242,
449,19,Categroy18,wrapupReason448,agent8231 agent8231,
435,19,Categroy18,wrapupReason434,agent8247 agent8247,
436,19,Categroy18,wrapupReason435,agent8246 agent8246,
441,19,Categroy18,wrapupReason440,agent8242 agent8242,
280,13,Categroy12,wrapupReason279,agent8236 agent8236,
265,12,Categroy11,wrapupReason264,agent8229 agent8229,
221,10,Categroy9,wrapupReason220,agent8228 agent8228,
221,10,category_load_130456,wrapupReason220,agent8228 agent8228,
221,10,category_load_542,wrapupReason220,agent8228 agent8228,
281,13,Categroy12,wrapupReason280,agent8234 agent8234,
445,19,Categroy18,wrapupReason444,agent8241 agent8241,
446,19,Categroy18,wrapupReason445,agent8225 agent8225,
434,19,Categroy18,wrapupReason433,agent8231 agent8231,
442,19,Categroy18,wrapupReason441,agent8223 agent8223,
447,19,Categroy18,wrapupReason446,agent8228 agent8228,
445,19,Categroy18,wrapupReason444,agent8252 agent8252,
255,12,Categroy11,wrapupReason254,agent8253 agent8253,
441,19,Categroy18,wrapupReason440,agent8253 agent8253,
436,19,Categroy18,wrapupReason435,agent8252 agent8252,
435,19,Categroy18,wrapupReason434,agent8236 agent8236,
275,12,Categroy11,wrapupReason274,agent8247 agent8247,
437,19,Categroy18,wrapupReason436,agent8247 agent8247,
438,19,Categroy18,wrapupReason437,agent8224 agent8224,
451,19,Categroy18,wrapupReason450,agent8246 agent8246,
443,19,Categroy18,wrapupReason442,agent8226 agent8226,
433,19,Categroy18,wrapupReason432,agent8223 agent8223,
270,12,Categroy11,wrapupReason269,agent8224 agent8224,
446,19,Categroy18,wrapupReason445,agent8226 agent8226,
448,19,Categroy18,wrapupReason447,agent8241 agent8241,
272,12,Categroy11,wrapupReason271,agent8225 agent8225,
256,12,Categroy11,wrapupReason255,agent8229 agent8229,
430,19,Categroy18,wrapupReason429,agent8237 agent8237,
450,19,Categroy18,wrapupReason449,agent8234 agent8234,
433,19,Categroy18,wrapupReason432,agent8236 agent8236,
432,19,Categroy18,wrapupReason431,agent8246 agent8246,
265,12,Categroy11,wrapupReason264,agent8242 agent8242,
442,19,Categroy18,wrapupReason441,agent8239 agent8239,
443,19,Categroy18,wrapupReason442,agent8231 agent8231,
292,13,Categroy12,wrapupReason291,agent8224 agent8224,
444,19,Categroy18,wrapupReason443,agent8223 agent8223,
434,19,Categroy18,wrapupReason433,agent8228 agent8228,
437,19,Categroy18,wrapupReason436,agent8229 agent8229,
438,19,Categroy18,wrapupReason437,agent8226 agent8226,
444,19,Categroy18,wrapupReason443,agent8231 agent8231,
429,19,Categroy18,wrapupReason428,agent8247 agent8247,
253,12,Categroy11,wrapupReason252,agent8252 agent8252,
298,13,Categroy12,wrapupReason297,agent8236 agent8236,
451,19,Categroy18,wrapupReason450,agent8242 agent8242,
427,19,Categroy18,wrapupReason426,agent8239 agent8239,
428,19,Categroy18,wrapupReason427,agent8241 agent8241,
449,19,Categroy18,wrapupReason448,agent8223 agent8223,
448,19,Categroy18,wrapupReason447,agent8228 agent8228,
270,12,Categroy11,wrapupReason269,agent8229 agent8229,
298,13,Categroy12,wrapupReason297,agent8226 agent8226,
448,19,Categroy18,wrapupReason447,agent8247 agent8247,
447,19,Categroy18,wrapupReason446,agent8231 agent8231,
432,19,Categroy18,wrapupReason431,agent8234 agent8234,
445,19,Categroy18,wrapupReason444,agent8246 agent8246,
430,19,Categroy18,wrapupReason429,agent8252 agent8252,
442,19,Categroy18,wrapupReason441,agent8236 agent8236,
451,19,Categroy18,wrapupReason450,agent8237 agent8237,
444,19,Categroy18,wrapupReason443,agent8239 agent8239,
444,19,Categroy18,wrapupReason443,agent8253 agent8253,
434,19,Categroy18,wrapupReason433,agent8242 agent8242,
433,19,Categroy18,wrapupReason432,agent8224 agent8224,
259,12,Categroy11,wrapupReason258,agent8223 agent8223,
267,12,Categroy11,wrapupReason266,agent8225 agent8225,
438,19,Categroy18,wrapupReason437,agent8226 agent8226,
442,19,Categroy18,wrapupReason441,agent8229 agent8229,
282,13,Categroy12,wrapupReason281,agent8228 agent8228,
440,19,Categroy18,wrapupReason439,agent8247 agent8247,
432,19,Categroy18,wrapupReason431,agent8253 agent8253,
289,13,Categroy12,wrapupReason288,agent8246 agent8246,
444,19,Categroy18,wrapupReason443,agent8242 agent8242,
428,19,Categroy18,wrapupReason427,agent8252 agent8252,
277,13,Categroy12,wrapupReason276,agent8234 agent8234,
445,19,Categroy18,wrapupReason444,agent8236 agent8236,
445,19,Categroy18,wrapupReason444,agent8241 agent8241,
434,19,Categroy18,wrapupReason433,agent8223 agent8223,
438,19,Categroy18,wrapupReason437,agent8253 agent8253,
428,19,Categroy18,wrapupReason427,agent8225 agent8225,
434,19,Categroy18,wrapupReason433,agent8242 agent8242,
448,19,Categroy18,wrapupReason447,agent8252 agent8252,
267,12,Categroy11,wrapupReason266,agent8229 agent8229,
447,19,Categroy18,wrapupReason446,agent8237 agent8237,
445,19,Categroy18,wrapupReason444,agent8228 agent8228,
450,19,Categroy18,wrapupReason449,agent8247 agent8247,
222,10,Categroy9,wrapupReason221,agent8223 agent8223,
222,10,category_load_130456,wrapupReason221,agent8223 agent8223,
222,10,category_load_542,wrapupReason221,agent8223 agent8223,
438,19,Categroy18,wrapupReason437,agent8234 agent8234,
436,19,Categroy18,wrapupReason435,agent8239 agent8239,
253,12,Categroy11,wrapupReason252,agent8231 agent8231,
430,19,Categroy18,wrapupReason429,agent8241 agent8241,
296,13,Categroy12,wrapupReason295,agent8224 agent8224,
442,19,Categroy18,wrapupReason441,agent8225 agent8225,
451,19,Categroy18,wrapupReason450,agent8234 agent8234,
442,19,Categroy18,wrapupReason441,agent8228 agent8228,
438,19,Categroy18,wrapupReason437,agent8229 agent8229,
257,12,Categroy11,wrapupReason256,agent8252 agent8252,
441,19,Categroy18,wrapupReason440,agent8231 agent8231,
207,10,Categroy9,wrapupReason206,agent8226 agent8226,
207,10,category_load_130456,wrapupReason206,agent8226 agent8226,
207,10,category_load_542,wrapupReason206,agent8226 agent8226,
432,19,Categroy18,wrapupReason431,agent8247 agent8247,
449,19,Categroy18,wrapupReason448,agent8237 agent8237,
430,19,Categroy18,wrapupReason429,agent8224 agent8224,
284,13,Categroy12,wrapupReason283,agent8236 agent8236,
444,19,Categroy18,wrapupReason443,agent8246 agent8246,
432,19,Categroy18,wrapupReason431,agent8242 agent8242,
279,13,Categroy12,wrapupReason278,agent8239 agent8239,
442,19,Categroy18,wrapupReason441,agent8225 agent8225,
285,13,Categroy12,wrapupReason284,agent8223 agent8223,
437,19,Categroy18,wrapupReason436,agent8247 agent8247,
435,19,Categroy18,wrapupReason434,agent8229 agent8229,
261,12,Categroy11,wrapupReason260,agent8226 agent8226,
264,12,Categroy11,wrapupReason263,agent8228 agent8228,
447,19,Categroy18,wrapupReason446,agent8231 agent8231,
427,19,Categroy18,wrapupReason426,agent8234 agent8234,
440,19,Categroy18,wrapupReason439,agent8237 agent8237,
429,19,Categroy18,wrapupReason428,agent8253 agent8253,
273,12,Categroy11,wrapupReason272,agent8241 agent8241,
443,19,Categroy18,wrapupReason442,agent8224 agent8224,
276,12,Categroy11,wrapupReason275,agent8223 agent8223,
436,19,Categroy18,wrapupReason435,agent8228 agent8228,
444,19,Categroy18,wrapupReason443,agent8229 agent8229,
444,19,Categroy18,wrapupReason443,agent8236 agent8236,
445,19,Categroy18,wrapupReason444,agent8246 agent8246,
256,12,Categroy11,wrapupReason255,agent8234 agent8234,
438,19,Categroy18,wrapupReason437,agent8231 agent8231,
428,19,Categroy18,wrapupReason427,agent8239 agent8239,
448,19,Categroy18,wrapupReason447,agent8224 agent8224,
439,19,Categroy18,wrapupReason438,agent8223 agent8223,
447,19,Categroy18,wrapupReason446,agent8253 agent8253,
436,19,Categroy18,wrapupReason435,agent8228 agent8228,
255,12,Categroy11,wrapupReason254,agent8226 agent8226,
433,19,Categroy18,wrapupReason432,agent8247 agent8247,
432,19,Categroy18,wrapupReason431,agent8225 agent8225,
429,19,Categroy18,wrapupReason428,agent8229 agent8229,
299,13,Categroy12,wrapupReason298,agent8234 agent8234,
253,12,Categroy11,wrapupReason252,agent8241 agent8241,
429,19,Categroy18,wrapupReason428,agent8237 agent8237,
290,13,Categroy12,wrapupReason289,agent8252 agent8252,
263,12,Categroy11,wrapupReason262,agent8253 agent8253,
447,19,Categroy18,wrapupReason446,agent8231 agent8231,
429,19,Categroy18,wrapupReason428,agent8224 agent8224,
268,12,Categroy11,wrapupReason267,agent8242 agent8242,
268,12,Categroy11,wrapupReason267,agent8246 agent8246,
435,19,Categroy18,wrapupReason434,agent8252 agent8252,
434,19,Categroy18,wrapupReason433,agent8237 agent8237,
451,19,Categroy18,wrapupReason450,agent8229 agent8229,
437,19,Categroy18,wrapupReason436,agent8225 agent8225,
221,10,Categroy9,wrapupReason220,agent8236 agent8236,
221,10,category_load_130456,wrapupReason220,agent8236 agent8236,
221,10,category_load_542,wrapupReason220,agent8236 agent8236,
444,19,Categroy18,wrapupReason443,agent8226 agent8226,
270,12,Categroy11,wrapupReason269,agent8228 agent8228,
445,19,Categroy18,wrapupReason444,agent8247 agent8247,
440,19,Categroy18,wrapupReason439,agent8252 agent8252,
442,19,Categroy18,wrapupReason441,agent8223 agent8223,
443,19,Categroy18,wrapupReason442,agent8246 agent8246,
434,19,Categroy18,wrapupReason433,agent8239 agent8239,
429,19,Categroy18,wrapupReason428,agent8225 agent8225,
261,12,Categroy11,wrapupReason260,agent8223 agent8223,
442,19,Categroy18,wrapupReason441,agent8224 agent8224,
437,19,Categroy18,wrapupReason436,agent8228 agent8228,
268,12,Categroy11,wrapupReason267,agent8231 agent8231,
268,12,Categroy11,wrapupReason267,agent8234 agent8234,
447,19,Categroy18,wrapupReason446,agent8252 agent8252,
446,19,Categroy18,wrapupReason445,agent8253 agent8253,
443,19,Categroy18,wrapupReason442,agent8242 agent8242,
205,10,Categroy9,wrapupReason204,agent8223 agent8223,
205,10,category_load_130456,wrapupReason204,agent8223 agent8223,
205,10,category_load_542,wrapupReason204,agent8223 agent8223,
450,19,Categroy18,wrapupReason449,agent8224 agent8224,
267,12,Categroy11,wrapupReason266,agent8237 agent8237,
209,10,Categroy9,wrapupReason208,agent8229 agent8229,
209,10,category_load_130456,wrapupReason208,agent8229 agent8229,
209,10,category_load_542,wrapupReason208,agent8229 agent8229,
275,12,Categroy11,wrapupReason274,agent8246 agent8246,
439,19,Categroy18,wrapupReason438,agent8252 agent8252,
221,10,Categroy9,wrapupReason220,agent8253 agent8253,
221,10,category_load_130456,wrapupReason220,agent8253 agent8253,
221,10,category_load_542,wrapupReason220,agent8253 agent8253,
449,19,Categroy18,wrapupReason448,agent8225 agent8225,
445,19,Categroy18,wrapupReason444,agent8231 agent8231,
446,19,Categroy18,wrapupReason445,agent8228 agent8228,
224,10,Categroy9,wrapupReason223,agent8239 agent8239,
224,10,category_load_130456,wrapupReason223,agent8239 agent8239,
224,10,category_load_542,wrapupReason223,agent8239 agent8239,
440,19,Categroy18,wrapupReason439,agent8234 agent8234,
447,19,Categroy18,wrapupReason446,agent8223 agent8223,
428,19,Categroy18,wrapupReason427,agent8241 agent8241,
447,19,Categroy18,wrapupReason446,agent8242 agent8242,
255,12,Categroy11,wrapupReason254,agent8229 agent8229,
259,12,Categroy11,wrapupReason258,agent8253 agent8253,
434,19,Categroy18,wrapupReason433,agent8225 agent8225,
427,19,Categroy18,wrapupReason426,agent8225 agent8225,
263,12,Categroy11,wrapupReason262,agent8234 agent8234,
437,19,Categroy18,wrapupReason436,agent8247 agent8247,
433,19,Categroy18,wrapupReason432,agent8228 agent8228,
446,19,Categroy18,wrapupReason445,agent8223 agent8223,
291,13,Categroy12,wrapupReason290,agent8226 agent8226,
223,10,Categroy9,wrapupReason222,agent8224 agent8224,
223,10,category_load_130456,wrapupReason222,agent8224 agent8224,
223,10,category_load_542,wrapupReason222,agent8224 agent8224,
450,19,Categroy18,wrapupReason449,agent8252 agent8252,
439,19,Categroy18,wrapupReason438,agent8242 agent8242,
433,19,Categroy18,wrapupReason432,agent8253 agent8253,
449,19,Categroy18,wrapupReason448,agent8239 agent8239,
437,19,Categroy18,wrapupReason436,agent8237 agent8237,
427,19,Categroy18,wrapupReason426,agent8234 agent8234,
449,19,Categroy18,wrapupReason448,agent8246 agent8246,
447,19,Categroy18,wrapupReason446,agent8226 agent8226,
297,13,Categroy12,wrapupReason296,agent8236 agent8236,
446,19,Categroy18,wrapupReason445,agent8229 agent8229,
449,19,Categroy18,wrapupReason448,agent8225 agent8225,
439,19,Categroy18,wrapupReason438,agent8247 agent8247,
427,19,Categroy18,wrapupReason426,agent8228 agent8228,
269,12,Categroy11,wrapupReason268,agent8223 agent8223,
427,19,Categroy18,wrapupReason426,agent8231 agent8231,
444,19,Categroy18,wrapupReason443,agent8252 agent8252,
263,12,Categroy11,wrapupReason262,agent8224 agent8224,
446,19,Categroy18,wrapupReason445,agent8246 agent8246,
438,19,Categroy18,wrapupReason437,agent8241 agent8241,
267,12,Categroy11,wrapupReason266,agent8237 agent8237,
257,12,Categroy11,wrapupReason256,agent8229 agent8229,
438,19,Categroy18,wrapupReason437,agent8225 agent8225,
427,19,Categroy18,wrapupReason426,agent8234 agent8234,
448,19,Categroy18,wrapupReason447,agent8247 agent8247,
281,13,Categroy12,wrapupReason280,agent8228 agent8228,
261,12,Categroy11,wrapupReason260,agent8241 agent8241,
439,19,Categroy18,wrapupReason438,agent8242 agent8242,
442,19,Categroy18,wrapupReason441,agent8237 agent8237,
446,19,Categroy18,wrapupReason445,agent8246 agent8246,
451,19,Categroy18,wrapupReason450,agent8223 agent8223,
450,19,Categroy18,wrapupReason449,agent8224 agent8224,
442,19,Categroy18,wrapupReason441,agent8239 agent8239,
272,12,Categroy11,wrapupReason271,agent8236 agent8236,
445,19,Categroy18,wrapupReason444,agent8253 agent8253,
446,19,Categroy18,wrapupReason445,agent8226 agent8226,
226,10,Categroy9,wrapupReason225,agent8229 agent8229,
226,10,category_load_130456,wrapupReason225,agent8229 agent8229,
226,10,category_load_542,wrapupReason225,agent8229 agent8229,
427,19,Categroy18,wrapupReason426,agent8242 agent8242,
268,12,Categroy11,wrapupReason267,agent8247 agent8247,
448,19,Categroy18,wrapupReason447,agent8241 agent8241,
276,12,Categroy11,wrapupReason275,agent8236 agent8236,
273,12,Categroy11,wrapupReason272,agent8223 agent8223,
260,12,Categroy11,wrapupReason259,agent8229 agent8229,
216,10,Categroy9,wrapupReason215,agent8224 agent8224,
216,10,category_load_130456,wrapupReason215,agent8224 agent8224,
216,10,category_load_542,wrapupReason215,agent8224 agent8224,
210,10,Categroy9,wrapupReason209,agent8231 agent8231,
210,10,category_load_130456,wrapupReason209,agent8231 agent8231,
210,10,category_load_542,wrapupReason209,agent8231 agent8231,
448,19,Categroy18,wrapupReason447,agent8241 agent8241,
436,19,Categroy18,wrapupReason435,agent8228 agent8228,
258,12,Categroy11,wrapupReason257,agent8252 agent8252,
266,12,Categroy11,wrapupReason265,agent8247 agent8247,
254,12,Categroy11,wrapupReason253,agent8242 agent8242,
219,10,Categroy9,wrapupReason218,agent8239 agent8239,
219,10,category_load_130456,wrapupReason218,agent8239 agent8239,
219,10,category_load_542,wrapupReason218,agent8239 agent8239,
428,19,Categroy18,wrapupReason427,agent8237 agent8237,
442,19,Categroy18,wrapupReason441,agent8226 agent8226,
449,19,Categroy18,wrapupReason448,agent8236 agent8236,
288,13,Categroy12,wrapupReason287,agent8225 agent8225,
259,12,Categroy11,wrapupReason258,agent8229 agent8229,
451,19,Categroy18,wrapupReason450,agent8224 agent8224,
443,19,Categroy18,wrapupReason442,agent8223 agent8223,
268,12,Categroy11,wrapupReason267,agent8247 agent8247,
434,19,Categroy18,wrapupReason433,agent8241 agent8241,
444,19,Categroy18,wrapupReason443,agent8252 agent8252,
443,19,Categroy18,wrapupReason442,agent8239 agent8239,
436,19,Categroy18,wrapupReason435,agent8234 agent8234,
213,10,Categroy9,wrapupReason212,agent8223 agent8223,
213,10,category_load_130456,wrapupReason212,agent8223 agent8223,
213,10,category_load_542,wrapupReason212,agent8223 agent8223,
439,19,Categroy18,wrapupReason438,agent8253 agent8253,
262,12,Categroy11,wrapupReason261,agent8236 agent8236,
269,12,Categroy11,wrapupReason268,agent8224 agent8224,
272,12,Categroy11,wrapupReason271,agent8237 agent8237,
442,19,Categroy18,wrapupReason441,agent8246 agent8246,
439,19,Categroy18,wrapupReason438,agent8234 agent8234,
442,19,Categroy18,wrapupReason441,agent8252 agent8252,
428,19,Categroy18,wrapupReason427,agent8242 agent8242,
443,19,Categroy18,wrapupReason442,agent8229 agent8229,
440,19,Categroy18,wrapupReason439,agent8247 agent8247,
439,19,Categroy18,wrapupReason438,agent8228 agent8228,
431,19,Categroy18,wrapupReason430,agent8239 agent8239,
442,19,Categroy18,wrapupReason441,agent8246 agent8246,
428,19,Categroy18,wrapupReason427,agent8253 agent8253,
441,19,Categroy18,wrapupReason440,agent8234 agent8234,
427,19,Categroy18,wrapupReason426,agent8236 agent8236,
441,19,Categroy18,wrapupReason440,agent8225 agent8225,
442,19,Categroy18,wrapupReason441,agent8223 agent8223,
430,19,Categroy18,wrapupReason429,agent8225 agent8225,
441,19,Categroy18,wrapupReason440,agent8241 agent8241,
445,19,Categroy18,wrapupReason444,agent8225 agent8225,
445,19,Categroy18,wrapupReason444,agent8236 agent8236,
443,19,Categroy18,wrapupReason442,agent8253 agent8253,
449,19,Categroy18,wrapupReason448,agent8231 agent8231,
445,19,Categroy18,wrapupReason444,agent8247 agent8247,
434,19,Categroy18,wrapupReason433,agent8239 agent8239,
431,19,Categroy18,wrapupReason430,agent8223 agent8223,
428,19,Categroy18,wrapupReason427,agent8252 agent8252,
226,10,Categroy9,wrapupReason225,agent8228 agent8228,
226,10,category_load_130456,wrapupReason225,agent8228 agent8228,
226,10,category_load_542,wrapupReason225,agent8228 agent8228,
442,19,Categroy18,wrapupReason441,agent8236 agent8236,
429,19,Categroy18,wrapupReason428,agent8253 agent8253,
275,12,Categroy11,wrapupReason274,agent8246 agent8246,
438,19,Categroy18,wrapupReason437,agent8239 agent8239,
206,10,Categroy9,wrapupReason205,agent8224 agent8224,
206,10,category_load_130456,wrapupReason205,agent8224 agent8224,
206,10,category_load_542,wrapupReason205,agent8224 agent8224,
252,12,Categroy11,wrapupReason251,agent8236 agent8236,
220,10,Categroy9,wrapupReason219,agent8225 agent8225,
220,10,category_load_130456,wrapupReason219,agent8225 agent8225,
220,10,category_load_542,wrapupReason219,agent8225 agent8225,
427,19,Categroy18,wrapupReason426,agent8237 agent8237,
433,19,Categroy18,wrapupReason432,agent8228 agent8228,
440,19,Categroy18,wrapupReason439,agent8253 agent8253,
449,19,Categroy18,wrapupReason448,agent8229 agent8229,
428,19,Categroy18,wrapupReason427,agent8247 agent8247,
437,19,Categroy18,wrapupReason436,agent8223 agent8223,
